,territoire,Utilisateurs,Sessions,Pages vues
du 2019-12-01 au 2020-01-01,Département 06,1,1,4
du 2020-01-01 au 2020-02-01,Département 06,8,15,82
du 2020-02-01 au 2020-03-01,Département 06,10,26,201
du 2020-03-01 au 2020-04-01,Département 06,41,49,203
du 2020-04-01 au 2020-05-01,Département 06,52,86,587
du 2020-05-01 au 2020-06-01,Département 06,40,95,553
du 2020-06-01 au 2020-07-01,Département 06,12,30,314
du 2020-07-01 au 2020-08-01,Département 06,15,23,99
du 2020-08-01 au 2020-09-01,Département 06,9,9,14
du 2020-09-01 au 2020-10-01,Département 06,22,32,275
du 2020-10-01 au 2020-11-01,Département 06,30,36,231
du 2020-11-01 au 2020-12-01,Département 06,34,41,177
du 2020-12-01 au 2021-01-01,Département 06,24,41,186
du 2021-01-01 au 2021-02-01,Département 06,41,72,355
du 2021-02-01 au 2021-03-01,Département 06,70,181,691
du 2021-03-01 au 2021-04-01,Département 06,124,269,959
du 2021-04-01 au 2021-05-01,Département 06,91,225,1494
du 2021-05-01 au 2021-06-01,Département 06,114,300,1510
du 2021-06-01 au 2021-07-01,Département 06,134,291,1536
du 2021-07-01 au 2021-08-01,Département 06,101,209,1194
du 2021-08-01 au 2021-09-01,Département 06,184,332,1496
du 2021-09-01 au 2021-10-01,Département 06,197,346,1158
du 2021-10-01 au 2021-11-01,Département 06,189,321,1171
du 2021-11-01 au 2021-12-01,Département 06,255,424,1634
du 2021-12-01 au 2022-01-01,Département 06,231,356,1278
du 2022-01-01 au 2022-02-01,Département 06,363,523,1851
du 2022-02-01 au 2022-03-01,Département 06,44,53,121
du 2019-12-01 au 2020-01-01,Département 07,1,1,9
du 2020-03-01 au 2020-04-01,Département 07,10,18,35
du 2020-04-01 au 2020-05-01,Département 07,13,29,44
du 2020-05-01 au 2020-06-01,Département 07,4,13,16
du 2020-06-01 au 2020-07-01,Département 07,3,9,12
du 2020-07-01 au 2020-08-01,Département 07,1,4,5
du 2020-08-01 au 2020-09-01,Département 07,3,3,16
du 2020-09-01 au 2020-10-01,Département 07,1,1,4
du 2020-10-01 au 2020-11-01,Département 07,2,2,3
du 2020-11-01 au 2020-12-01,Département 07,5,8,199
du 2021-01-01 au 2021-02-01,Département 07,2,2,2
du 2021-02-01 au 2021-03-01,Département 07,1,1,1
du 2021-03-01 au 2021-04-01,Département 07,3,3,4
du 2021-04-01 au 2021-05-01,Département 07,10,12,17
du 2021-05-01 au 2021-06-01,Département 07,13,17,29
du 2021-06-01 au 2021-07-01,Département 07,8,10,13
du 2021-07-01 au 2021-08-01,Département 07,4,28,493
du 2021-08-01 au 2021-09-01,Département 07,3,5,10
du 2021-09-01 au 2021-10-01,Département 07,7,7,15
du 2021-10-01 au 2021-11-01,Département 07,11,16,31
du 2021-11-01 au 2021-12-01,Département 07,11,11,17
du 2021-12-01 au 2022-01-01,Département 07,16,20,43
du 2022-01-01 au 2022-02-01,Département 07,34,42,83
du 2022-02-01 au 2022-03-01,Département 07,1,1,2
du 2019-12-01 au 2020-01-01,Département 13,8,10,164
du 2020-01-01 au 2020-02-01,Département 13,20,31,107
du 2020-02-01 au 2020-03-01,Département 13,5,7,26
du 2020-03-01 au 2020-04-01,Département 13,133,173,2411
du 2020-04-01 au 2020-05-01,Département 13,175,209,1223
du 2020-05-01 au 2020-06-01,Département 13,37,100,1986
du 2020-06-01 au 2020-07-01,Département 13,29,44,617
du 2020-07-01 au 2020-08-01,Département 13,32,43,494
du 2020-08-01 au 2020-09-01,Département 13,27,31,120
du 2020-09-01 au 2020-10-01,Département 13,34,50,539
du 2020-10-01 au 2020-11-01,Département 13,82,98,441
du 2020-11-01 au 2020-12-01,Département 13,92,133,861
du 2020-12-01 au 2021-01-01,Département 13,50,90,764
du 2021-01-01 au 2021-02-01,Département 13,54,65,313
du 2021-02-01 au 2021-03-01,Département 13,20,24,78
du 2021-03-01 au 2021-04-01,Département 13,137,169,212
du 2021-04-01 au 2021-05-01,Département 13,95,113,193
du 2021-05-01 au 2021-06-01,Département 13,84,91,172
du 2021-06-01 au 2021-07-01,Département 13,183,209,332
du 2021-07-01 au 2021-08-01,Département 13,104,126,209
du 2021-08-01 au 2021-09-01,Département 13,109,175,475
du 2021-09-01 au 2021-10-01,Département 13,187,318,1152
du 2021-10-01 au 2021-11-01,Département 13,295,448,1914
du 2021-11-01 au 2021-12-01,Département 13,269,388,1228
du 2021-12-01 au 2022-01-01,Département 13,237,349,1345
du 2022-01-01 au 2022-02-01,Département 13,440,560,1111
du 2022-02-01 au 2022-03-01,Département 13,38,42,77
du 2019-12-01 au 2020-01-01,Département 15,1,1,1
du 2020-03-01 au 2020-04-01,Département 15,2,4,10
du 2020-04-01 au 2020-05-01,Département 15,4,4,8
du 2020-09-01 au 2020-10-01,Département 15,1,1,1
du 2020-10-01 au 2020-11-01,Département 15,1,1,1
du 2020-11-01 au 2020-12-01,Département 15,1,2,4
du 2020-12-01 au 2021-01-01,Département 15,1,4,15
du 2021-04-01 au 2021-05-01,Département 15,1,1,1
du 2021-05-01 au 2021-06-01,Département 15,4,5,8
du 2021-06-01 au 2021-07-01,Département 15,1,1,4
du 2021-07-01 au 2021-08-01,Département 15,4,4,4
du 2021-08-01 au 2021-09-01,Département 15,1,1,2
du 2021-09-01 au 2021-10-01,Département 15,1,1,1
du 2021-10-01 au 2021-11-01,Département 15,5,5,11
du 2021-11-01 au 2021-12-01,Département 15,12,13,35
du 2021-12-01 au 2022-01-01,Département 15,8,13,40
du 2022-01-01 au 2022-02-01,Département 15,19,19,36
du 2022-02-01 au 2022-03-01,Département 15,2,2,8
du 2019-12-01 au 2020-01-01,Département 21,1,1,7
du 2020-01-01 au 2020-02-01,Département 21,4,4,23
du 2020-02-01 au 2020-03-01,Département 21,1,1,12
du 2020-03-01 au 2020-04-01,Département 21,9,13,34
du 2020-04-01 au 2020-05-01,Département 21,17,20,297
du 2020-05-01 au 2020-06-01,Département 21,3,4,40
du 2020-06-01 au 2020-07-01,Département 21,2,2,2
du 2020-07-01 au 2020-08-01,Département 21,5,5,21
du 2020-08-01 au 2020-09-01,Département 21,7,8,31
du 2020-09-01 au 2020-10-01,Département 21,4,5,21
du 2020-10-01 au 2020-11-01,Département 21,10,13,18
du 2020-11-01 au 2020-12-01,Département 21,5,5,16
du 2020-12-01 au 2021-01-01,Département 21,5,6,68
du 2021-01-01 au 2021-02-01,Département 21,7,9,98
du 2021-03-01 au 2021-04-01,Département 21,7,8,9
du 2021-04-01 au 2021-05-01,Département 21,11,11,22
du 2021-05-01 au 2021-06-01,Département 21,12,15,28
du 2021-06-01 au 2021-07-01,Département 21,35,50,250
du 2021-07-01 au 2021-08-01,Département 21,12,15,23
du 2021-08-01 au 2021-09-01,Département 21,11,19,42
du 2021-09-01 au 2021-10-01,Département 21,11,12,20
du 2021-10-01 au 2021-11-01,Département 21,19,25,42
du 2021-11-01 au 2021-12-01,Département 21,17,26,46
du 2021-12-01 au 2022-01-01,Département 21,16,18,41
du 2022-01-01 au 2022-02-01,Département 21,33,57,121
du 2022-02-01 au 2022-03-01,Département 21,7,7,18
du 2019-12-01 au 2020-01-01,Département 33,386,518,4947
du 2020-01-01 au 2020-02-01,Département 33,585,743,2347
du 2020-02-01 au 2020-03-01,Département 33,479,678,3796
du 2020-03-01 au 2020-04-01,Département 33,949,1451,12631
du 2020-04-01 au 2020-05-01,Département 33,962,1461,9763
du 2020-05-01 au 2020-06-01,Département 33,317,548,2656
du 2020-06-01 au 2020-07-01,Département 33,466,704,3556
du 2020-07-01 au 2020-08-01,Département 33,390,646,4302
du 2020-08-01 au 2020-09-01,Département 33,291,550,3074
du 2020-09-01 au 2020-10-01,Département 33,357,607,2689
du 2020-10-01 au 2020-11-01,Département 33,955,1331,5432
du 2020-11-01 au 2020-12-01,Département 33,1146,1880,10629
du 2020-12-01 au 2021-01-01,Département 33,962,1337,5835
du 2021-01-01 au 2021-02-01,Département 33,857,1170,4341
du 2021-02-01 au 2021-03-01,Département 33,300,537,1765
du 2021-03-01 au 2021-04-01,Département 33,646,993,1532
du 2021-04-01 au 2021-05-01,Département 33,755,983,2325
du 2021-05-01 au 2021-06-01,Département 33,678,946,2579
du 2021-06-01 au 2021-07-01,Département 33,841,1369,5981
du 2021-07-01 au 2021-08-01,Département 33,861,1263,5148
du 2021-08-01 au 2021-09-01,Département 33,639,896,2368
du 2021-09-01 au 2021-10-01,Département 33,943,1240,2415
du 2021-10-01 au 2021-11-01,Département 33,972,1232,2259
du 2021-11-01 au 2021-12-01,Département 33,1087,1517,3816
du 2021-12-01 au 2022-01-01,Département 33,1003,1373,4508
du 2022-01-01 au 2022-02-01,Département 33,996,1365,3061
du 2022-02-01 au 2022-03-01,Département 33,80,90,430
du 2019-12-01 au 2020-01-01,Département 34,6,7,17
du 2020-01-01 au 2020-02-01,Département 34,6,11,92
du 2020-02-01 au 2020-03-01,Département 34,4,6,17
du 2020-03-01 au 2020-04-01,Département 34,40,49,179
du 2020-04-01 au 2020-05-01,Département 34,50,65,262
du 2020-05-01 au 2020-06-01,Département 34,28,39,170
du 2020-06-01 au 2020-07-01,Département 34,11,16,104
du 2020-07-01 au 2020-08-01,Département 34,24,34,244
du 2020-08-01 au 2020-09-01,Département 34,17,18,50
du 2020-09-01 au 2020-10-01,Département 34,33,44,321
du 2020-10-01 au 2020-11-01,Département 34,38,47,197
du 2020-11-01 au 2020-12-01,Département 34,44,57,466
du 2020-12-01 au 2021-01-01,Département 34,26,40,143
du 2021-01-01 au 2021-02-01,Département 34,42,43,201
du 2021-02-01 au 2021-03-01,Département 34,24,28,69
du 2021-03-01 au 2021-04-01,Département 34,28,33,39
du 2021-04-01 au 2021-05-01,Département 34,48,63,173
du 2021-05-01 au 2021-06-01,Département 34,29,36,55
du 2021-06-01 au 2021-07-01,Département 34,33,42,100
du 2021-07-01 au 2021-08-01,Département 34,34,62,173
du 2021-08-01 au 2021-09-01,Département 34,52,59,145
du 2021-09-01 au 2021-10-01,Département 34,77,97,243
du 2021-10-01 au 2021-11-01,Département 34,121,156,558
du 2021-11-01 au 2021-12-01,Département 34,98,215,929
du 2021-12-01 au 2022-01-01,Département 34,177,342,1465
du 2022-01-01 au 2022-02-01,Département 34,413,697,3221
du 2022-02-01 au 2022-03-01,Département 34,38,46,168
du 2019-12-01 au 2020-01-01,Département 35,6,14,459
du 2020-01-01 au 2020-02-01,Département 35,13,20,218
du 2020-02-01 au 2020-03-01,Département 35,4,5,27
du 2020-03-01 au 2020-04-01,Département 35,66,97,355
du 2020-04-01 au 2020-05-01,Département 35,54,69,742
du 2020-05-01 au 2020-06-01,Département 35,39,45,117
du 2020-06-01 au 2020-07-01,Département 35,15,22,76
du 2020-07-01 au 2020-08-01,Département 35,15,20,130
du 2020-08-01 au 2020-09-01,Département 35,24,25,91
du 2020-09-01 au 2020-10-01,Département 35,38,51,178
du 2020-10-01 au 2020-11-01,Département 35,47,62,277
du 2020-11-01 au 2020-12-01,Département 35,46,67,315
du 2020-12-01 au 2021-01-01,Département 35,37,43,283
du 2021-01-01 au 2021-02-01,Département 35,39,57,263
du 2021-02-01 au 2021-03-01,Département 35,17,20,168
du 2021-03-01 au 2021-04-01,Département 35,25,31,32
du 2021-04-01 au 2021-05-01,Département 35,18,23,40
du 2021-05-01 au 2021-06-01,Département 35,22,30,57
du 2021-06-01 au 2021-07-01,Département 35,30,40,66
du 2021-07-01 au 2021-08-01,Département 35,22,32,50
du 2021-08-01 au 2021-09-01,Département 35,30,37,65
du 2021-09-01 au 2021-10-01,Département 35,77,120,287
du 2021-10-01 au 2021-11-01,Département 35,80,152,991
du 2021-11-01 au 2021-12-01,Département 35,85,128,355
du 2021-12-01 au 2022-01-01,Département 35,52,84,275
du 2022-01-01 au 2022-02-01,Département 35,207,238,393
du 2022-02-01 au 2022-03-01,Département 35,7,7,13
du 2020-03-01 au 2020-04-01,Département 36,3,4,16
du 2020-04-01 au 2020-05-01,Département 36,5,5,154
du 2020-05-01 au 2020-06-01,Département 36,3,3,14
du 2020-07-01 au 2020-08-01,Département 36,3,4,10
du 2020-08-01 au 2020-09-01,Département 36,1,1,1
du 2020-10-01 au 2020-11-01,Département 36,2,3,12
du 2020-11-01 au 2020-12-01,Département 36,2,2,4
du 2021-01-01 au 2021-02-01,Département 36,3,3,6
du 2021-04-01 au 2021-05-01,Département 36,6,7,11
du 2021-05-01 au 2021-06-01,Département 36,7,10,13
du 2021-06-01 au 2021-07-01,Département 36,3,3,4
du 2021-07-01 au 2021-08-01,Département 36,5,7,10
du 2021-08-01 au 2021-09-01,Département 36,5,7,14
du 2021-09-01 au 2021-10-01,Département 36,15,49,263
du 2021-10-01 au 2021-11-01,Département 36,29,55,314
du 2021-11-01 au 2021-12-01,Département 36,32,125,928
du 2021-12-01 au 2022-01-01,Département 36,60,184,960
du 2022-01-01 au 2022-02-01,Département 36,68,201,994
du 2022-02-01 au 2022-03-01,Département 36,8,18,88
du 2019-12-01 au 2020-01-01,Département 44,86,123,1019
du 2020-01-01 au 2020-02-01,Département 44,116,243,1780
du 2020-02-01 au 2020-03-01,Département 44,139,257,2117
du 2020-03-01 au 2020-04-01,Département 44,588,948,6683
du 2020-04-01 au 2020-05-01,Département 44,415,689,5460
du 2020-05-01 au 2020-06-01,Département 44,205,358,2811
du 2020-06-01 au 2020-07-01,Département 44,184,320,2181
du 2020-07-01 au 2020-08-01,Département 44,204,292,1584
du 2020-08-01 au 2020-09-01,Département 44,194,270,1123
du 2020-09-01 au 2020-10-01,Département 44,212,289,2094
du 2020-10-01 au 2020-11-01,Département 44,243,295,1173
du 2020-11-01 au 2020-12-01,Département 44,370,519,2764
du 2020-12-01 au 2021-01-01,Département 44,203,285,1643
du 2021-01-01 au 2021-02-01,Département 44,209,313,1601
du 2021-02-01 au 2021-03-01,Département 44,66,105,337
du 2021-03-01 au 2021-04-01,Département 44,200,320,980
du 2021-04-01 au 2021-05-01,Département 44,247,395,2218
du 2021-05-01 au 2021-06-01,Département 44,243,385,1423
du 2021-06-01 au 2021-07-01,Département 44,424,536,1486
du 2021-07-01 au 2021-08-01,Département 44,234,321,1575
du 2021-08-01 au 2021-09-01,Département 44,162,221,414
du 2021-09-01 au 2021-10-01,Département 44,258,356,706
du 2021-10-01 au 2021-11-01,Département 44,283,395,1003
du 2021-11-01 au 2021-12-01,Département 44,320,472,1355
du 2021-12-01 au 2022-01-01,Département 44,416,634,3103
du 2022-01-01 au 2022-02-01,Département 44,827,996,1746
du 2022-02-01 au 2022-03-01,Département 44,46,56,98
du 2019-12-01 au 2020-01-01,Département 59,26,30,87
du 2020-01-01 au 2020-02-01,Département 59,53,69,446
du 2020-02-01 au 2020-03-01,Département 59,61,82,511
du 2020-03-01 au 2020-04-01,Département 59,171,225,1129
du 2020-04-01 au 2020-05-01,Département 59,193,268,1383
du 2020-05-01 au 2020-06-01,Département 59,58,74,357
du 2020-06-01 au 2020-07-01,Département 59,42,57,262
du 2020-07-01 au 2020-08-01,Département 59,51,68,265
du 2020-08-01 au 2020-09-01,Département 59,48,71,325
du 2020-09-01 au 2020-10-01,Département 59,62,92,606
du 2020-10-01 au 2020-11-01,Département 59,170,230,1635
du 2020-11-01 au 2020-12-01,Département 59,112,150,1066
du 2020-12-01 au 2021-01-01,Département 59,48,68,263
du 2021-01-01 au 2021-02-01,Département 59,65,72,361
du 2021-02-01 au 2021-03-01,Département 59,31,48,134
du 2021-03-01 au 2021-04-01,Département 59,85,112,146
du 2021-04-01 au 2021-05-01,Département 59,36,50,93
du 2021-05-01 au 2021-06-01,Département 59,56,64,171
du 2021-06-01 au 2021-07-01,Département 59,97,107,189
du 2021-07-01 au 2021-08-01,Département 59,52,65,103
du 2021-08-01 au 2021-09-01,Département 59,49,52,88
du 2021-09-01 au 2021-10-01,Département 59,63,69,134
du 2021-10-01 au 2021-11-01,Département 59,68,119,902
du 2021-11-01 au 2021-12-01,Département 59,101,151,606
du 2021-12-01 au 2022-01-01,Département 59,80,145,587
du 2022-01-01 au 2022-02-01,Département 59,195,287,682
du 2022-02-01 au 2022-03-01,Département 59,13,37,172
du 2019-12-01 au 2020-01-01,Département 63,3,3,7
du 2020-01-01 au 2020-02-01,Département 63,4,6,28
du 2020-02-01 au 2020-03-01,Département 63,2,2,2
du 2020-03-01 au 2020-04-01,Département 63,18,19,102
du 2020-04-01 au 2020-05-01,Département 63,21,28,142
du 2020-06-01 au 2020-07-01,Département 63,3,9,72
du 2020-07-01 au 2020-08-01,Département 63,4,4,20
du 2020-08-01 au 2020-09-01,Département 63,1,1,1
du 2020-09-01 au 2020-10-01,Département 63,1,1,1
du 2020-10-01 au 2020-11-01,Département 63,7,7,27
du 2020-11-01 au 2020-12-01,Département 63,8,8,16
du 2020-12-01 au 2021-01-01,Département 63,9,11,46
du 2021-01-01 au 2021-02-01,Département 63,9,10,50
du 2021-02-01 au 2021-03-01,Département 63,2,2,4
du 2021-03-01 au 2021-04-01,Département 63,5,5,5
du 2021-04-01 au 2021-05-01,Département 63,10,12,18
du 2021-05-01 au 2021-06-01,Département 63,12,14,23
du 2021-06-01 au 2021-07-01,Département 63,11,11,16
du 2021-07-01 au 2021-08-01,Département 63,7,8,11
du 2021-08-01 au 2021-09-01,Département 63,17,20,41
du 2021-09-01 au 2021-10-01,Département 63,27,32,68
du 2021-10-01 au 2021-11-01,Département 63,40,86,333
du 2021-11-01 au 2021-12-01,Département 63,42,198,1385
du 2021-12-01 au 2022-01-01,Département 63,78,225,2421
du 2022-01-01 au 2022-02-01,Département 63,104,252,1849
du 2022-02-01 au 2022-03-01,Département 63,13,26,158
du 2019-12-01 au 2020-01-01,Département 67,40,48,202
du 2020-01-01 au 2020-02-01,Département 67,53,65,336
du 2020-02-01 au 2020-03-01,Département 67,138,182,1034
du 2020-03-01 au 2020-04-01,Département 67,240,376,1527
du 2020-04-01 au 2020-05-01,Département 67,369,563,2280
du 2020-05-01 au 2020-06-01,Département 67,155,228,1076
du 2020-06-01 au 2020-07-01,Département 67,123,210,1276
du 2020-07-01 au 2020-08-01,Département 67,154,260,1760
du 2020-08-01 au 2020-09-01,Département 67,134,224,1171
du 2020-09-01 au 2020-10-01,Département 67,205,327,2039
du 2020-10-01 au 2020-11-01,Département 67,222,351,1829
du 2020-11-01 au 2020-12-01,Département 67,497,746,2810
du 2020-12-01 au 2021-01-01,Département 67,454,610,2632
du 2021-01-01 au 2021-02-01,Département 67,360,513,2540
du 2021-02-01 au 2021-03-01,Département 67,161,262,939
du 2021-03-01 au 2021-04-01,Département 67,376,588,1228
du 2021-04-01 au 2021-05-01,Département 67,299,499,1927
du 2021-05-01 au 2021-06-01,Département 67,334,570,1988
du 2021-06-01 au 2021-07-01,Département 67,436,803,5063
du 2021-07-01 au 2021-08-01,Département 67,415,725,3025
du 2021-08-01 au 2021-09-01,Département 67,316,457,974
du 2021-09-01 au 2021-10-01,Département 67,473,752,2568
du 2021-10-01 au 2021-11-01,Département 67,528,807,2293
du 2021-11-01 au 2021-12-01,Département 67,452,713,2631
du 2021-12-01 au 2022-01-01,Département 67,407,633,2325
du 2022-01-01 au 2022-02-01,Département 67,1196,1471,3145
du 2022-02-01 au 2022-03-01,Département 67,180,200,377
du 2019-12-01 au 2020-01-01,Paris+ivry,786,1713,25685
du 2020-01-01 au 2020-02-01,Paris+ivry,951,2253,28202
du 2020-02-01 au 2020-03-01,Paris+ivry,1112,2481,21810
du 2020-03-01 au 2020-04-01,Paris+ivry,4706,8101,63110
du 2020-04-01 au 2020-05-01,Paris+ivry,4836,8752,60019
du 2020-05-01 au 2020-06-01,Paris+ivry,2229,4605,27487
du 2020-06-01 au 2020-07-01,Paris+ivry,1802,4150,29850
du 2020-07-01 au 2020-08-01,Paris+ivry,2300,4948,38366
du 2020-08-01 au 2020-09-01,Paris+ivry,1723,3843,27490
du 2020-09-01 au 2020-10-01,Paris+ivry,2346,4878,34634
du 2020-10-01 au 2020-11-01,Paris+ivry,3065,6149,44459
du 2020-11-01 au 2020-12-01,Paris+ivry,4233,9208,62088
du 2020-12-01 au 2021-01-01,Paris+ivry,3120,7327,49987
du 2021-01-01 au 2021-02-01,Paris+ivry,3516,7388,49977
du 2021-02-01 au 2021-03-01,Paris+ivry,2021,4319,17433
du 2021-03-01 au 2021-04-01,Paris+ivry,3629,6919,16713
du 2021-04-01 au 2021-05-01,Paris+ivry,3974,6810,21139
du 2021-05-01 au 2021-06-01,Paris+ivry,3601,6332,20234
du 2021-06-01 au 2021-07-01,Paris+ivry,5226,8770,41073
du 2021-07-01 au 2021-08-01,Paris+ivry,4310,7359,39249
du 2021-08-01 au 2021-09-01,Paris+ivry,2638,5113,17618
du 2021-09-01 au 2021-10-01,Paris+ivry,3510,6464,19283
du 2021-10-01 au 2021-11-01,Paris+ivry,3820,6906,21851
du 2021-11-01 au 2021-12-01,Paris+ivry,4186,7816,27940
du 2021-12-01 au 2022-01-01,Paris+ivry,4080,7394,44539
du 2022-01-01 au 2022-02-01,Paris+ivry,5160,8065,21090
du 2022-02-01 au 2022-03-01,Paris+ivry,410,495,1204
du 2019-12-01 au 2020-01-01,Département 76,3,3,4
du 2020-01-01 au 2020-02-01,Département 76,2,2,9
du 2020-03-01 au 2020-04-01,Département 76,63,88,383
du 2020-04-01 au 2020-05-01,Département 76,93,129,524
du 2020-05-01 au 2020-06-01,Département 76,31,71,443
du 2020-06-01 au 2020-07-01,Département 76,13,37,117
du 2020-07-01 au 2020-08-01,Département 76,14,19,107
du 2020-08-01 au 2020-09-01,Département 76,9,16,114
du 2020-09-01 au 2020-10-01,Département 76,15,19,312
du 2020-10-01 au 2020-11-01,Département 76,44,77,767
du 2020-11-01 au 2020-12-01,Département 76,48,65,234
du 2020-12-01 au 2021-01-01,Département 76,25,30,167
du 2021-01-01 au 2021-02-01,Département 76,35,49,410
du 2021-02-01 au 2021-03-01,Département 76,16,18,85
du 2021-03-01 au 2021-04-01,Département 76,20,29,48
du 2021-04-01 au 2021-05-01,Département 76,17,20,40
du 2021-05-01 au 2021-06-01,Département 76,26,33,58
du 2021-06-01 au 2021-07-01,Département 76,29,41,79
du 2021-07-01 au 2021-08-01,Département 76,31,54,128
du 2021-08-01 au 2021-09-01,Département 76,31,33,61
du 2021-09-01 au 2021-10-01,Département 76,20,30,86
du 2021-10-01 au 2021-11-01,Département 76,40,81,318
du 2021-11-01 au 2021-12-01,Département 76,108,175,602
du 2021-12-01 au 2022-01-01,Département 76,122,187,844
du 2022-01-01 au 2022-02-01,Département 76,227,279,463
du 2022-02-01 au 2022-03-01,Département 76,19,20,39
du 2019-12-01 au 2020-01-01,Département 77,5,5,52
du 2020-01-01 au 2020-02-01,Département 77,17,19,74
du 2020-02-01 au 2020-03-01,Département 77,11,12,62
du 2020-03-01 au 2020-04-01,Département 77,91,142,1300
du 2020-04-01 au 2020-05-01,Département 77,156,250,1538
du 2020-05-01 au 2020-06-01,Département 77,48,70,868
du 2020-06-01 au 2020-07-01,Département 77,27,35,91
du 2020-07-01 au 2020-08-01,Département 77,33,42,262
du 2020-08-01 au 2020-09-01,Département 77,24,28,101
du 2020-09-01 au 2020-10-01,Département 77,31,45,560
du 2020-10-01 au 2020-11-01,Département 77,63,87,370
du 2020-11-01 au 2020-12-01,Département 77,93,128,767
du 2020-12-01 au 2021-01-01,Département 77,75,110,579
du 2021-01-01 au 2021-02-01,Département 77,104,151,792
du 2021-02-01 au 2021-03-01,Département 77,21,29,114
du 2021-03-01 au 2021-04-01,Département 77,76,108,155
du 2021-04-01 au 2021-05-01,Département 77,77,94,183
du 2021-05-01 au 2021-06-01,Département 77,106,122,259
du 2021-06-01 au 2021-07-01,Département 77,177,248,571
du 2021-07-01 au 2021-08-01,Département 77,86,131,295
du 2021-08-01 au 2021-09-01,Département 77,81,112,233
du 2021-09-01 au 2021-10-01,Département 77,98,144,296
du 2021-10-01 au 2021-11-01,Département 77,148,202,437
du 2021-11-01 au 2021-12-01,Département 77,177,251,492
du 2021-12-01 au 2022-01-01,Département 77,251,332,728
du 2022-01-01 au 2022-02-01,Département 77,263,371,713
du 2022-02-01 au 2022-03-01,Département 77,17,22,43
du 2019-12-01 au 2020-01-01,Département 78,123,203,1015
du 2020-01-01 au 2020-02-01,Département 78,225,606,3031
du 2020-02-01 au 2020-03-01,Département 78,133,433,1675
du 2020-03-01 au 2020-04-01,Département 78,365,672,4188
du 2020-04-01 au 2020-05-01,Département 78,456,713,3875
du 2020-05-01 au 2020-06-01,Département 78,238,393,1510
du 2020-06-01 au 2020-07-01,Département 78,244,527,1890
du 2020-07-01 au 2020-08-01,Département 78,258,514,1918
du 2020-08-01 au 2020-09-01,Département 78,189,471,1726
du 2020-09-01 au 2020-10-01,Département 78,347,728,2688
du 2020-10-01 au 2020-11-01,Département 78,344,658,3045
du 2020-11-01 au 2020-12-01,Département 78,473,874,3858
du 2020-12-01 au 2021-01-01,Département 78,307,622,2837
du 2021-01-01 au 2021-02-01,Département 78,339,719,4554
du 2021-02-01 au 2021-03-01,Département 78,180,384,1449
du 2021-03-01 au 2021-04-01,Département 78,372,785,1217
du 2021-04-01 au 2021-05-01,Département 78,351,666,1292
du 2021-05-01 au 2021-06-01,Département 78,321,646,1494
du 2021-06-01 au 2021-07-01,Département 78,403,867,2810
du 2021-07-01 au 2021-08-01,Département 78,254,525,1620
du 2021-08-01 au 2021-09-01,Département 78,259,493,1036
du 2021-09-01 au 2021-10-01,Département 78,380,714,1304
du 2021-10-01 au 2021-11-01,Département 78,325,611,1244
du 2021-11-01 au 2021-12-01,Département 78,366,623,1540
du 2021-12-01 au 2022-01-01,Département 78,444,715,2636
du 2022-01-01 au 2022-02-01,Département 78,556,883,1877
du 2022-02-01 au 2022-03-01,Département 78,49,61,129
du 2019-12-01 au 2020-01-01,Département 91,8,11,23
du 2020-01-01 au 2020-02-01,Département 91,11,13,108
du 2020-02-01 au 2020-03-01,Département 91,13,14,86
du 2020-03-01 au 2020-04-01,Département 91,96,162,644
du 2020-04-01 au 2020-05-01,Département 91,148,269,1080
du 2020-05-01 au 2020-06-01,Département 91,47,95,353
du 2020-06-01 au 2020-07-01,Département 91,55,110,1285
du 2020-07-01 au 2020-08-01,Département 91,46,85,918
du 2020-08-01 au 2020-09-01,Département 91,36,58,479
du 2020-09-01 au 2020-10-01,Département 91,60,155,1488
du 2020-10-01 au 2020-11-01,Département 91,91,146,1044
du 2020-11-01 au 2020-12-01,Département 91,126,237,3217
du 2020-12-01 au 2021-01-01,Département 91,80,147,1472
du 2021-01-01 au 2021-02-01,Département 91,81,131,1302
du 2021-02-01 au 2021-03-01,Département 91,38,66,571
du 2021-03-01 au 2021-04-01,Département 91,101,158,695
du 2021-04-01 au 2021-05-01,Département 91,92,198,1888
du 2021-05-01 au 2021-06-01,Département 91,64,118,1242
du 2021-06-01 au 2021-07-01,Département 91,116,235,1707
du 2021-07-01 au 2021-08-01,Département 91,63,110,534
du 2021-08-01 au 2021-09-01,Département 91,82,174,698
du 2021-09-01 au 2021-10-01,Département 91,111,214,727
du 2021-10-01 au 2021-11-01,Département 91,113,231,936
du 2021-11-01 au 2021-12-01,Département 91,179,336,1306
du 2021-12-01 au 2022-01-01,Département 91,192,477,5334
du 2022-01-01 au 2022-02-01,Département 91,206,424,2182
du 2022-02-01 au 2022-03-01,Département 91,17,18,68
du 2019-12-01 au 2020-01-01,Département 92,102,138,738
du 2020-01-01 au 2020-02-01,Département 92,113,160,1073
du 2020-02-01 au 2020-03-01,Département 92,100,185,1113
du 2020-03-01 au 2020-04-01,Département 92,476,807,4753
du 2020-04-01 au 2020-05-01,Département 92,640,1124,6340
du 2020-05-01 au 2020-06-01,Département 92,282,586,2495
du 2020-06-01 au 2020-07-01,Département 92,170,290,1908
du 2020-07-01 au 2020-08-01,Département 92,199,338,1431
du 2020-08-01 au 2020-09-01,Département 92,123,247,867
du 2020-09-01 au 2020-10-01,Département 92,206,323,1291
du 2020-10-01 au 2020-11-01,Département 92,311,426,1808
du 2020-11-01 au 2020-12-01,Département 92,487,711,3032
du 2020-12-01 au 2021-01-01,Département 92,278,404,2210
du 2021-01-01 au 2021-02-01,Département 92,295,422,2283
du 2021-02-01 au 2021-03-01,Département 92,137,212,639
du 2021-03-01 au 2021-04-01,Département 92,332,480,812
du 2021-04-01 au 2021-05-01,Département 92,301,408,863
du 2021-05-01 au 2021-06-01,Département 92,272,382,812
du 2021-06-01 au 2021-07-01,Département 92,296,431,1562
du 2021-07-01 au 2021-08-01,Département 92,226,305,974
du 2021-08-01 au 2021-09-01,Département 92,180,288,822
du 2021-09-01 au 2021-10-01,Département 92,264,423,836
du 2021-10-01 au 2021-11-01,Département 92,259,376,737
du 2021-11-01 au 2021-12-01,Département 92,284,403,873
du 2021-12-01 au 2022-01-01,Département 92,326,508,1610
du 2022-01-01 au 2022-02-01,Département 92,399,571,1278
du 2022-02-01 au 2022-03-01,Département 92,32,34,70
du 2019-12-01 au 2020-01-01,Département 93,233,385,2835
du 2020-01-01 au 2020-02-01,Département 93,190,372,4893
du 2020-02-01 au 2020-03-01,Département 93,214,399,4784
du 2020-03-01 au 2020-04-01,Département 93,914,1575,7473
du 2020-04-01 au 2020-05-01,Département 93,1059,1893,10879
du 2020-05-01 au 2020-06-01,Département 93,426,919,4179
du 2020-06-01 au 2020-07-01,Département 93,247,564,2821
du 2020-07-01 au 2020-08-01,Département 93,414,765,4072
du 2020-08-01 au 2020-09-01,Département 93,251,518,2506
du 2020-09-01 au 2020-10-01,Département 93,350,715,4025
du 2020-10-01 au 2020-11-01,Département 93,507,960,6156
du 2020-11-01 au 2020-12-01,Département 93,709,1456,8667
du 2020-12-01 au 2021-01-01,Département 93,549,1146,6884
du 2021-01-01 au 2021-02-01,Département 93,564,1145,6503
du 2021-02-01 au 2021-03-01,Département 93,262,550,2128
du 2021-03-01 au 2021-04-01,Département 93,645,1254,3127
du 2021-04-01 au 2021-05-01,Département 93,624,1172,3633
du 2021-05-01 au 2021-06-01,Département 93,570,977,2542
du 2021-06-01 au 2021-07-01,Département 93,649,997,2600
du 2021-07-01 au 2021-08-01,Département 93,536,915,2137
du 2021-08-01 au 2021-09-01,Département 93,437,828,1646
du 2021-09-01 au 2021-10-01,Département 93,493,862,1941
du 2021-10-01 au 2021-11-01,Département 93,473,977,2135
du 2021-11-01 au 2021-12-01,Département 93,484,928,2111
du 2021-12-01 au 2022-01-01,Département 93,677,1168,3006
du 2022-01-01 au 2022-02-01,Département 93,799,1252,2697
du 2022-02-01 au 2022-03-01,Département 93,72,87,182
du 2019-12-01 au 2020-01-01,Département 94,25,31,307
du 2020-01-01 au 2020-02-01,Département 94,39,42,211
du 2020-02-01 au 2020-03-01,Département 94,63,84,465
du 2020-03-01 au 2020-04-01,Département 94,239,362,1527
du 2020-04-01 au 2020-05-01,Département 94,314,495,4732
du 2020-05-01 au 2020-06-01,Département 94,123,215,1368
du 2020-06-01 au 2020-07-01,Département 94,69,141,1153
du 2020-07-01 au 2020-08-01,Département 94,84,117,595
du 2020-08-01 au 2020-09-01,Département 94,59,91,630
du 2020-09-01 au 2020-10-01,Département 94,114,187,1183
du 2020-10-01 au 2020-11-01,Département 94,158,256,1690
du 2020-11-01 au 2020-12-01,Département 94,256,399,2897
du 2020-12-01 au 2021-01-01,Département 94,229,301,1817
du 2021-01-01 au 2021-02-01,Département 94,193,307,2458
du 2021-02-01 au 2021-03-01,Département 94,86,119,370
du 2021-03-01 au 2021-04-01,Département 94,215,322,514
du 2021-04-01 au 2021-05-01,Département 94,219,338,783
du 2021-05-01 au 2021-06-01,Département 94,221,327,824
du 2021-06-01 au 2021-07-01,Département 94,223,368,1278
du 2021-07-01 au 2021-08-01,Département 94,164,234,840
du 2021-08-01 au 2021-09-01,Département 94,157,259,673
du 2021-09-01 au 2021-10-01,Département 94,202,327,989
du 2021-10-01 au 2021-11-01,Département 94,183,292,838
du 2021-11-01 au 2021-12-01,Département 94,222,347,926
du 2021-12-01 au 2022-01-01,Département 94,241,365,2862
du 2022-01-01 au 2022-02-01,Département 94,297,486,2228
du 2022-02-01 au 2022-03-01,Département 94,29,34,263
du 2019-12-01 au 2020-01-01,Département 95,24,43,439
du 2020-01-01 au 2020-02-01,Département 95,34,46,192
du 2020-02-01 au 2020-03-01,Département 95,22,33,281
du 2020-03-01 au 2020-04-01,Département 95,187,350,4101
du 2020-04-01 au 2020-05-01,Département 95,212,377,3319
du 2020-05-01 au 2020-06-01,Département 95,59,158,1999
du 2020-06-01 au 2020-07-01,Département 95,38,84,849
du 2020-07-01 au 2020-08-01,Département 95,64,114,939
du 2020-08-01 au 2020-09-01,Département 95,42,67,273
du 2020-09-01 au 2020-10-01,Département 95,63,93,679
du 2020-10-01 au 2020-11-01,Département 95,101,123,708
du 2020-11-01 au 2020-12-01,Département 95,142,177,723
du 2020-12-01 au 2021-01-01,Département 95,100,140,947
du 2021-01-01 au 2021-02-01,Département 95,107,170,1017
du 2021-02-01 au 2021-03-01,Département 95,78,177,781
du 2021-03-01 au 2021-04-01,Département 95,160,293,837
du 2021-04-01 au 2021-05-01,Département 95,132,307,1326
du 2021-05-01 au 2021-06-01,Département 95,150,265,975
du 2021-06-01 au 2021-07-01,Département 95,186,338,994
du 2021-07-01 au 2021-08-01,Département 95,191,308,1859
du 2021-08-01 au 2021-09-01,Département 95,123,192,636
du 2021-09-01 au 2021-10-01,Département 95,145,179,363
du 2021-10-01 au 2021-11-01,Département 95,131,165,376
du 2021-11-01 au 2021-12-01,Département 95,173,216,478
du 2021-12-01 au 2022-01-01,Département 95,158,214,588
du 2022-01-01 au 2022-02-01,Département 95,237,311,616
du 2022-02-01 au 2022-03-01,Département 95,20,21,32
